procedure_code,level,daysOverdue,noticeType,channels,postalRequired,consequenceCode
STD_DOM,1,14,FIRST_REMINDER,EMAIL;SMS,false,ESCALATE_L2
STD_DOM,2,30,FINAL_NOTICE,EMAIL;SMS;POSTAL,false,ESCALATE_L3
STD_DOM,3,45,DISCONNECTION_NOTICE,POSTAL;EMAIL;SMS,true,DISCONNECT_L4
STD_DOM,4,60,DISCONNECTION_CONFIRMATION,POSTAL,true,LEGAL_REVIEW
STD_COM,1,14,FIRST_REMINDER,EMAIL;SMS,false,ESCALATE_L2
STD_COM,2,30,FINAL_NOTICE,EMAIL;SMS;POSTAL,false,ESCALATE_L3
STD_COM,3,45,DISCONNECTION_NOTICE,POSTAL;EMAIL;SMS,true,DISCONNECT_L4
STD_COM,4,60,DISCONNECTION_CONFIRMATION,POSTAL,true,LEGAL_REVIEW
GOVT_PROC,1,30,FORMAL_NOTICE,EMAIL;POSTAL,true,LEGAL_REFERRAL
HARDSHIP,1,14,SOFT_REMINDER,EMAIL;SMS,false,MAINTAIN
HARDSHIP,2,30,SUPPORT_NOTICE,EMAIL;SMS,false,MAINTAIN
STD_DOM,5,90,LEGAL_REFERRAL,POSTAL,true,LEGAL_ACTION
STD_COM,5,90,LEGAL_REFERRAL,POSTAL,true,LEGAL_ACTION
